name,county,town,slug,categories,official_website,discover_ireland,status
"Aillwee Caves","Clare","Ballyvaughan","aillwee-caves","Natureza","https://aillweecave.ie/","","publish"
"Aran Islands","Galway","","aran-islands","Ilhas","https://www.arannislands.ie/","","publish"
"Avondale Forest Park","Wicklow","Rathdrum","avondale-forest-park","Natureza","https://www.avondaleforestpark.ie/","","publish"
"Battle of the Boyne Visitor Centre","Meath","Drogheda","battle-of-the-boyne-visitor-centre","História","https://www.battleoftheboyne.ie/","","publish"
"Blarney Castle","Cork","Blarney","blarney-castle","Castelos","https://blarneycastle.ie/","","publish"
"Bray Head","Wicklow","Bray","bray-head","Caminhadas","https://www.discoverireland.ie/bray","","publish"
"Bunratty Castle &amp; Folk Park","Clare","Bunratty","bunratty-castle-folk-park","Castelos","https://www.bunrattycastle.ie/","","publish"
"Burren National Park","Clare","","burren-national-park","Natureza","https://www.nationalparks.ie/burren/","","publish"
"Charles Fort","Cork","Kinsale","charles-fort","História","https://heritageireland.ie/places-to-visit/charles-fort/","","publish"
"Cliffs of Moher","Clare","Liscannor","cliffs-of-moher","Natureza","https://www.cliffsofmoher.ie/","","publish"
"Cobh","Cork","Cobh","cobh","Cidades","https://www.discoverireland.ie/cobh","","publish"
"Connemara National Park","Galway","Letterfrack","connemara-national-park","Natureza","https://www.nationalparks.ie/connemara/","","publish"
"Diamond Hill","Galway","Letterfrack","diamond-hill","Caminhadas","https://www.nationalparks.ie/connemara/","","publish"
"Dingle Peninsula","Kerry","Dingle","dingle-peninsula","Natureza","https://www.discoverireland.ie/dingle","","publish"
"Doolin Cave","Clare","Doolin","doolin-cave","Natureza","https://doolincave.ie/","","publish"
"Dublin Castle","Dublin","Dublin","dublin-castle","Castelos","https://www.dublincastle.ie/","","publish"
"Dublin Zoo","Dublin","Dublin","dublin-zoo","Vida Selvagem","https://www.dublinzoo.ie/","","publish"
"Dún Aonghasa","Galway","Inishmore","dun-aonghasa","História","https://heritageireland.ie/places-to-visit/dun-aonghasa/","","publish"
"Fota Wildlife Park","Cork","Carrigtwohill","fota-wildlife-park","Vida Selvagem","https://www.fotawildlife.ie/","","publish"
"Galway Atlantaquaria","Galway","Salthill","galway-atlantaquaria","Vida na Irlanda","https://www.nationalaquarium.ie/","","publish"
"Gap of Dunloe","Kerry","Killarney","gap-of-dunloe","Natureza","https://www.discoverireland.ie/kerry/gap-of-dunloe","","publish"
"Glendalough","Wicklow","Wicklow","glendalough","História","https://www.visitwicklow.ie/glendalough/","","publish"
"Great Sugar Loaf","Wicklow","Kilmacanogue","great-sugar-loaf","Caminhadas","https://www.discoverireland.ie/wicklow","","publish"
"Guinness Storehouse","Dublin","Dublin","guinness-storehouse","Cultura","https://www.guinness-storehouse.com/","","publish"
"Hill of Tara","Meath","Navan","hill-of-tara","História","https://heritageireland.ie/places-to-visit/hill-of-tara/","","publish"
"Howth Cliff Walk","Dublin","Howth","howth-cliff-walk","Caminhadas","https://www.discoverireland.ie/dublin/howth-cliff-path-loop","","publish"
"Inch Beach","Kerry","Inch","inch-beach","Praias","https://www.discoverireland.ie/kerry/inch-beach","","publish"
"Jameson Distillery Midleton","Cork","Midleton","jameson-distillery-midleton","Cultura","https://www.jamesonwhiskey.com/distilleries/jameson-distillery-midleton","","publish"
"Kilkee Cliffs","Clare","Kilkee","kilkee-cliffs","Natureza","https://www.discoverireland.ie/clare/kilkee-cliffs","","publish"
"Killarney National Park","Kerry","Killarney","killarney-national-park","Natureza","https://www.nationalparks.ie/killarney/","","publish"
"Kilmainham Gaol","Dublin","Dublin","kilmainham-gaol","História","https://kilmainhamgaolmuseum.ie/","","publish"
"Kinsale","Cork","Kinsale","kinsale","Cidades","https://www.discoverireland.ie/kinsale","","publish"
"Knowth","Meath","Slane","knowth","História","https://www.worldheritageireland.ie/bru-na-boinne/built-heritage/knowth/","","publish"
"Kylemore Abbey","Galway","Connemara","kylemore-abbey","História","https://kylemoreabbey.com/","","publish"
"Lahinch Beach","Clare","Lahinch","lahinch-beach","Praias","https://www.discoverireland.ie/lahinch","","publish"
"Loop Head","Clare","Kilbaha","loop-head","Natureza","https://loophead.ie/","","publish"
"Loughcrew","Meath","Oldcastle","loughcrew","História","https://heritageireland.ie/places-to-visit/loughcrew-cairns/","","publish"
"Malahide Castle &amp; Gardens","Dublin","Malahide","malahide-castle-gardens","Castelos","https://www.malahidecastleandgardens.ie/","","publish"
"Mizen Head","Cork","Goleen","mizen-head","Natureza","https://www.mizenhead.ie/","","publish"
"Muckross House","Kerry","Killarney","muckross-house","História","https://muckross-house.ie/","","publish"
"Newgrange","Meath","Slane","newgrange","História","https://www.newgrange.com/","","publish"
"Phoenix Park","Dublin","Dublin","phoenix-park","Natureza","https://www.phoenixpark.ie/","","publish"
"Powerscourt Estate","Wicklow","Enniskerry","powerscourt-estate","Jardins","https://powerscourt.com/","","publish"
"Powerscourt Waterfall","Wicklow","Enniskerry","powerscourt-waterfall","Natureza","https://powerscourt.com/gardens-and-waterfall/","","publish"
"Ring of Kerry","Kerry","","ring-of-kerry","Natureza","https://www.discoverireland.ie/kerry/ring-of-kerry","","publish"
"Ross Castle","Kerry","Killarney","ross-castle","Castelos","https://www.rosscastlekillarney.com/","","publish"
"Sally Gap","Wicklow","","sally-gap","Natureza","https://www.discoverireland.ie/wicklow","","publish"
"Salthill","Galway","Galway","salthill","Praias","https://www.discoverireland.ie/galway/salthill","","publish"
"Sky Road","Galway","Clifden","sky-road","Natureza","https://www.discoverireland.ie/galway/sky-road","","publish"
"Slane Castle","Meath","Slane","slane-castle","Castelos","https://www.slanecastle.ie/","","publish"
"Titanic Experience Cobh","Cork","Cobh","titanic-experience-cobh","História","https://www.titanicexperiencecobh.ie/","","publish"
"Torc Waterfall","Kerry","Killarney","torc-waterfall","Natureza","https://www.discoverireland.ie/kerry/torc-waterfall","","publish"
"Trim Castle","Meath","Trim","trim-castle","Castelos","https://heritageireland.ie/places-to-visit/trim-castle/","","publish"
"Trinity College &amp; Book of Kells","Dublin","Dublin","trinity-college-book-of-kells","História","https://www.tcd.ie/visitors/book-of-kells/","","publish"
"Wicklow Mountains National Park","Wicklow","","wicklow-mountains-national-park","Natureza","https://www.nationalparks.ie/wicklow/","","publish"
