80s &amp; 90s Music Bingo Night	2026-10-02	2026-10-02					10016478-1790967600-1790978400@laoistourism.ie
Abbeyleix Applefest 2026	2026-10-04	2026-10-04					10016471-1791122400-1791133200@laoistourism.ie
Akira Film At Dunamaise Arts Centre	2026-10-06	2026-10-06					10016243-1791316800-1791324000@laoistourism.ie
Assembly on Alcohol Harms	2026-10-06	2026-10-06					10016159-1791279000-1791302400@laoistourism.ie
Autumn Yoga &amp; Ayurveda Evening	2026-10-07	2026-10-07					10016516-1791394200-1791406800@laoistourism.ie
Avenue Q Hit Musical	2026-09-30	2026-10-03					10015333-1790796600-1791064800@laoistourism.ie
Beginners Crochet Classes At Portlaoise Library	2026-09-14	2026-10-19	weekly	1	2026-09-14	2026-10-19	10016352-1789381800-1792413000@laoistourism.ie
Bingo Loco At Midlands Park Hotel	2026-10-03	2026-10-03					10016257-1791052200-1791068400@laoistourism.ie
Bootcamp with Malone Fitness	2026-09-21	2026-10-26	weekly	1	2026-09-21	2026-10-26	10016308-1790017200-1793044800@laoistourism.ie
Chair Yoga At Portlaoise Library	2026-09-29	2026-10-20	weekly	2	2026-09-29	2026-10-20	10016457-1790690400-1792508400@laoistourism.ie
Happy Hiking Hill Skills Day	2026-10-03	2026-10-03					10015791-1791021600-1791043200@laoistourism.ie
Imposter Art Exhibition	2026-10-02	2026-10-31					10016514-1790899200-1793404799@laoistourism.ie
Introduction to Ayurveda	2026-10-06	2026-10-06					10016517-1791313200-1791320400@laoistourism.ie
Irish Circle At Portlaoise Library	2026-10-07	2026-10-07					10016526-1791394200-1791399600@laoistourism.ie
Kirtan Practice At Arunachala	2026-10-03	2026-10-03					10016460-1791025200-1791036000@laoistourism.ie
Laois Forestry Rally 2026	2026-10-04	2026-10-05					10016420-1791072000-1791158399@laoistourism.ie
Mick Creagh One Man Show	2026-10-03	2026-10-03					10016508-1791057600-1791063000@laoistourism.ie
Pilates Programme with Sabrina	2026-09-22	2026-10-27	weekly	2	2026-09-22	2026-10-27	10016330-1790107200-1793134800@laoistourism.ie
Regional Gathering How To Get The Most From Your Membership	2026-10-07	2026-10-07					10015969-1791396000-1791399600@laoistourism.ie
Sensory Play At Portarlington Library	2026-10-06	2026-10-06					10016527-1791288000-1791291600@laoistourism.ie
Shared Reading At Mountmellick Library	2026-10-02	2026-10-02					10016480-1790938800-1790946000@laoistourism.ie
Sketchbook Club At Portlaoise Library	2026-10-07	2026-10-07					10016418-1791392400-1791396000@laoistourism.ie
The Magnificent Interiors Of Emo Court	2026-10-04	2026-10-04					10016518-1791127800-1791133200@laoistourism.ie
The Roadhouse Doors At Kavanaghs Bar &amp; Venue	2026-10-02	2026-10-03					10015925-1790976600-1790985600@laoistourism.ie
The Shaking Bog Presents Riverine	2026-10-06	2026-10-06					10016229-1791306000-1791313200@laoistourism.ie
Transmitter At Kavanaghs Bar &amp; Venue	2026-10-03	2026-10-04					10016511-1791064800-1791072000@laoistourism.ie
Vittorio Angelone Extra Show Added	2026-10-02	2026-10-02					10015414-1790967600-1790976600@laoistourism.ie
Vittorio Angelone You Can’t Say Nothing Any More	2026-10-02	2026-10-03					10013904-1790976600-1790985600@laoistourism.ie
Weaving And Nature Print Workshop	2026-10-07	2026-10-07					10016458-1791385200-1791392400@laoistourism.ie
What Were You Thinking Of Darling?	2026-09-07	2026-10-19	weekly	1	2026-09-07	2026-10-19	10016332-1788777000-1792413000@laoistourism.ie
